epoch,lr,loss,iou,val_loss,val_iou
0,0.001,1.285625935,0.066189866,1.213751316,0.084747314
1,0.001,1.225086153,0.11947614,1.198158383,0.01167445
2,0.001,1.147609413,0.410185901,1.18527317,6.00E-10
3,0.001,1.155667722,0.363028493,1.204823256,0.068411729
4,0.001,1.111010492,0.508561909,1.257528067,0.078381004
5,0.001,1.151829898,0.272032103,1.289624333,0.080206605
6,0.001,1.096268415,0.471554154,1.296612859,0.080202339
7,0.001,1.110902667,0.42133256,1.347759604,0.080748324
8,0.001,1.07668376,0.510320203,1.440395832,0.081871961
9,0.001,1.070015132,0.5630958,1.415281296,0.081850721
10,0.001,1.101303697,0.39749714,1.389360666,0.081255796
11,0.001,1.095981002,0.401325085,1.277956009,0.079567206
12,0.001,1.065743685,0.422313809,1.215569973,0.077782086
13,0.001,1.098990023,0.256465549,1.221940875,0.077945712
14,0.001,1.066861153,0.374459016,1.304765463,0.080075408
15,0.001,1.036153913,0.444676431,1.332553864,0.080071318
16,0.001,1.030655026,0.54408593,1.275777936,0.078405782
17,0.001,1.063829839,0.328368317,1.144289494,6.00E-10
18,0.001,1.081618547,0.199927906,1.114487529,6.00E-10
19,0.001,1.057368159,0.312044168,1.159474373,6.00E-10
20,0.001,1.015143275,0.517796193,1.184840322,6.00E-10
21,0.001,1.02404362,0.381718184,1.109495163,6.00E-10
22,0.001,1.000573605,0.448652355,1.154811859,6.00E-10
23,0.001,1.02066946,0.408404606,1.447498322,0.07831578
24,0.001,1.006376147,0.467486761,1.72330606,0.079783748
25,0.001,1.019419611,0.460529369,1.411002994,0.073273744
26,0.001,1.019730896,0.377916691,1.278289318,0.061227093
27,0.001,0.960667372,0.58426361,1.411022186,0.069871247
28,0.001,0.969327718,0.537081773,1.477846861,0.072592466
29,0.001,0.981455535,0.418551113,1.082275152,6.00E-10
30,0.001,0.967440099,0.354723089,1.083181381,6.00E-10
31,0.001,0.991083026,0.274227065,1.093835711,6.00E-10
32,0.001,0.983848095,0.386669179,1.107804894,6.00E-10
33,0.001,0.927176684,0.549300291,1.11698544,6.00E-10
34,0.001,0.911593735,0.61671439,1.088812113,6.00E-10
35,0.001,0.958308846,0.402990269,1.060461402,6.00E-10
36,0.001,0.933582038,0.454688728,1.050324082,6.00E-10
37,0.001,0.928420722,0.492346591,1.051109314,6.00E-10
38,0.001,0.96609199,0.356682654,1.060941696,6.00E-10
39,0.001,0.888937116,0.503674014,1.073907852,6.00E-10
40,0.001,0.925735652,0.462530149,1.089055538,0.008222303
41,0.001,0.893856555,0.535349383,1.055622339,0.000720159
42,0.001,0.898274571,0.480394603,1.026878119,0.000540152
43,0.001,0.899127573,0.4759213,0.966591299,0.094589732
44,0.001,0.905573845,0.478288358,0.902231932,0.295306774
45,0.001,0.903330594,0.407594016,0.893208265,0.321493894
46,0.001,0.906155556,0.414225462,0.897070706,0.320930782
47,0.001,0.851922929,0.575002248,0.835119545,0.416820383
48,0.001,0.880257249,0.479707562,0.785318613,0.492169435
49,0.001,0.831911772,0.580711023,0.800096273,0.503374778
50,0.001,0.82121706,0.57290009,0.762439311,0.510490927
51,0.001,0.915471375,0.432907578,0.7424137,0.59160087
52,0.001,0.88060382,0.44649204,0.766440153,0.641729652
53,0.001,0.80739522,0.654953275,0.684079826,0.800551752
54,0.001,0.804047137,0.522612088,0.648502946,0.728395062
55,0.001,0.83831948,0.461003851,0.747433543,0.567369949
56,0.001,0.859990478,0.422766208,0.649574041,0.759495432
57,0.001,0.821648449,0.465294076,0.814405978,0.465272154
58,0.001,0.847221494,0.427066367,0.997344494,0.328243824
59,0.001,0.837793112,0.547291883,1.035605192,0.294520064
60,0.001,0.846998632,0.469776636,0.830762208,0.41882921
61,0.001,0.834214717,0.453346029,0.708233714,0.526977392
62,0.001,0.826407641,0.487011687,0.64677918,0.596126256
63,0.001,0.907811493,0.26136023,0.67565763,0.562243688
64,0.001,0.769676775,0.575455798,0.685897589,0.555767813
65,0.001,0.840618789,0.415820564,0.82019949,0.355306976
66,0.001,0.751449913,0.517839669,1.067944527,0.20562963
67,0.001,0.723127723,0.588397611,1.275812864,0.149492955
68,0.001,0.720052689,0.644434193,1.694131851,0.102792262
69,0.001,0.751392365,0.487049086,2.441144705,0.086365097
70,0.001,0.753263026,0.607901292,2.702719927,0.085257712
71,0.001,0.753594279,0.568824646,2.999470234,0.0849387
72,0.001,0.786306918,0.36433591,2.839870453,0.085049257
73,0.001,0.782620043,0.33875641,1.241398811,0.148596097
74,0.001,0.792288125,0.360449338,1.025651693,0.220893026
75,0.001,0.716420323,0.484594234,1.781835556,0.121553007
76,0.001,0.778076231,0.407733369,2.128237724,0.113872145
77,0.001,0.760005027,0.436676936,1.439172268,0.163365754
78,0.001,0.740495116,0.50779692,0.915860057,0.291271132
79,0.001,0.7533997,0.427346659,0.825579286,0.344854723
80,0.001,0.69889605,0.549737427,0.718679428,0.474060568
81,0.001,0.70638153,0.495508375,0.6313591,0.698173085
82,0.001,0.720195979,0.417567482,0.574762881,0.736713556
83,0.001,0.762722582,0.307026629,0.797468126,0.322727537
84,0.001,0.691670954,0.523782471,1.233403206,0.177410251
85,0.001,0.837655783,0.261179183,0.911427498,0.307135471
86,0.001,0.742259681,0.415736977,1.027530909,0.249673791
87,0.001,0.775423378,0.30021449,1.261537194,0.180066151
88,0.001,0.717959136,0.491865909,1.202586889,0.183439056
89,0.001,0.667079508,0.564679386,0.97821945,0.249168938
90,0.001,0.647655427,0.547342736,0.872932374,0.293287217
91,0.001,0.734695971,0.341306782,0.715627074,0.404863252
92,0.001,0.60918197,0.624599719,0.65941143,0.470430797
93,0.001,0.620753199,0.603214488,0.663868546,0.466334656
94,0.001,0.642232418,0.517622376,0.718557596,0.412257857
95,0.001,0.622938305,0.537526799,0.900355935,0.284398811
96,0.001,0.673290133,0.421837985,0.870203018,0.308192169
97,0.001,0.680966884,0.391217593,0.745900393,0.392767932
98,0.001,0.546951532,0.603921827,0.723677695,0.404722666
99,0.001,0.599721849,0.607501233,0.703321934,0.421916044
100,0.001,0.6088323,0.505483666,0.821022272,0.313529535
101,0.001,0.557810515,0.557400916,1.437240243,0.140317439
102,0.001,0.602582037,0.585033225,1.377255678,0.151682774
103,0.001,0.531982154,0.670152075,0.971269488,0.237003212
104,0.001,0.597916141,0.471071908,0.708399355,0.3783759
105,0.001,0.667932898,0.402123382,0.422954708,0.789587035
106,0.001,0.567982346,0.545174411,0.527611196,0.652990864
107,0.001,0.595239133,0.521492036,0.569421947,0.537139888
108,0.001,0.613520652,0.47868408,2.309869766,0.10436542
109,0.001,0.609416038,0.497290076,2.292733908,0.109809142
110,0.001,0.596245408,0.421947772,1.65590322,0.133601161
111,0.001,0.697869509,0.359341677,1.300621748,0.176929859
112,0.001,0.510061786,0.600080081,1.176677227,0.201975465
113,0.001,0.533260733,0.572695319,1.355234385,0.177497544
114,0.001,0.528275609,0.593379443,0.873520136,0.300857677
115,0.001,0.452099472,0.705088515,0.319751024,0.751829268
116,0.001,0.508933678,0.563586797,0.403108329,0.748456044
117,0.001,0.525825486,0.615599383,0.342767626,0.775077984
118,0.001,0.448524371,0.652265482,0.275836051,0.800726079
119,0.001,0.465237573,0.630159046,0.360984802,0.702
120,0.001,0.583387703,0.531891925,0.310891986,0.795681685
121,0.001,0.475159943,0.537331398,0.303020626,0.801063449
122,0.001,0.572720379,0.503396238,0.312299103,0.784187192
123,0.001,0.531011507,0.44227625,0.284171462,0.80749209
124,0.001,0.493061438,0.602569252,0.294999301,0.777890467
125,0.001,0.457453772,0.675128155,0.382300019,0.662012188
126,0.001,0.419914335,0.706144667,0.350421697,0.700098539
127,0.001,0.594990522,0.32800206,0.308185548,0.809784556
128,0.001,0.47005631,0.551286992,0.325467765,0.792539335
129,0.001,0.519305974,0.517233623,0.454568803,0.632789918
130,0.001,0.540921137,0.474048294,0.399333596,0.771994592
131,0.001,0.427033141,0.665932923,0.498066306,0.752700787
132,0.001,0.50213562,0.493191053,1.024998307,0.252216346
133,0.001,0.452596068,0.591835729,2.559355021,0.102517244
134,0.001,0.448846176,0.568486576,2.511541367,0.097459514
135,0.001,0.468629092,0.529935624,2.110283852,0.105338042
136,0.001,0.510917604,0.559246017,1.297080755,0.17390528
137,0.001,0.417239338,0.624709127,0.415182859,0.673575558
138,0.001,0.548910439,0.436268697,0.431061655,0.661942746
139,0.001,0.578032047,0.401867574,1.565026999,0.133989965
140,0.001,0.434662163,0.574251739,1.79717648,0.115542576
141,0.001,0.458098724,0.644102944,1.772701383,0.122216579
142,0.001,0.463461921,0.448600171,0.762974977,0.331478999
143,0.001,0.486250982,0.463121227,0.366908669,0.70192727
144,0.001,0.449561045,0.556300828,0.310367942,0.764619954
145,0.001,0.547231495,0.412538018,0.270931631,0.789937759
146,0.001,0.39692609,0.587786825,0.260141999,0.796384444
147,0.001,0.430802673,0.570851809,0.298662096,0.793457691
148,0.001,0.452128083,0.566279335,0.285312057,0.793910042
149,0.001,0.398471683,0.614844027,0.31443727,0.767377246
150,0.001,0.400706425,0.586780223,0.320345879,0.760096245
151,0.001,0.394395739,0.580540184,0.319856942,0.745992714
152,0.001,0.347546071,0.680047951,0.296207815,0.769554207
153,0.001,0.345708802,0.65275293,0.309503317,0.767449107
154,0.001,0.395350158,0.609555789,0.460913837,0.589623812
155,0.001,0.435339212,0.54564282,0.410072744,0.645997076
156,0.001,0.371874303,0.65527812,0.351406097,0.723636018
157,0.001,0.419259831,0.621137559,0.518937767,0.573244789
158,0.001,0.389735788,0.650958757,0.464609504,0.661740332
159,0.001,0.369801626,0.635554322,0.485835999,0.641577906
160,0.001,0.406994075,0.626718885,0.640755713,0.423037717
161,0.001,0.40394488,0.546970557,0.88513267,0.295532006
162,0.001,0.447206497,0.586512055,0.603934288,0.461867407
163,0.001,0.319207191,0.686360097,0.477059066,0.571643725
164,0.001,0.366928056,0.63270575,0.472688913,0.575792894
165,0.001,0.37841858,0.607929673,0.48760578,0.566557878
166,0.001,0.421329722,0.54954363,0.283162475,0.743099195
167,0.001,0.460914612,0.438582629,0.231592193,0.790911867
168,0.001,0.338667244,0.700681571,0.217807487,0.805635148
169,0.001,0.345093235,0.666071576,0.223084673,0.795313749
170,0.001,0.382515714,0.563025683,0.289835513,0.729151625
171,0.001,0.504139245,0.459154275,0.227358282,0.791966941
172,0.001,0.301439896,0.700104407,0.23046805,0.793265552
173,0.001,0.399872437,0.636120672,0.241255611,0.796169631
174,0.001,0.5074756,0.409770965,0.728728116,0.332483548
175,0.001,0.290533081,0.684818675,0.735342383,0.313172913
176,0.001,0.352000371,0.645111805,0.434148133,0.632594464
177,0.001,0.475084156,0.455173011,0.36186263,0.70154197
178,0.001,0.374121904,0.608457841,0.303511649,0.745105038
179,0.001,0.315464824,0.679079846,0.314425111,0.717738237
180,0.001,0.364662915,0.597176868,0.29527697,0.737214313
181,0.001,0.343992218,0.632695298,0.25406301,0.783295361
182,0.001,0.368431941,0.538874012,0.267061263,0.776602669
183,0.001,0.417200163,0.505209739,0.387544304,0.651187602
184,0.001,0.3739461,0.597790096,0.309180498,0.748553777
185,0.001,0.31454169,0.652576924,0.322042137,0.686223942
186,0.001,0.330627799,0.682408961,1.628459215,0.165212182
187,0.001,0.375860304,0.627962615,0.961368322,0.255754082
188,0.001,0.31645526,0.693508284,0.951470017,0.260057404
189,0.001,0.44582516,0.564382008,1.347217917,0.184692291
190,0.001,0.282813922,0.695684057,1.035235643,0.254202743
191,0.001,0.338063374,0.616360123,0.521945596,0.522057426
192,0.001,0.312711045,0.678175726,0.508927643,0.53965045
193,0.001,0.283206239,0.711742159,1.145243406,0.243295468
194,0.001,0.279840827,0.707559497,1.315783978,0.209906228
195,0.001,0.345723853,0.615516115,0.95143497,0.298117211
196,0.001,0.305060238,0.611590555,0.661648691,0.431785631
197,0.001,0.274024367,0.698037839,0.617556572,0.455514645
198,0.001,0.311666414,0.6775472,0.55213207,0.501256548
199,0.001,0.420667112,0.561998108,1.139578819,0.230709373
200,0.001,0.320097357,0.61054058,3.235724449,0.091767121
201,0.001,0.332282647,0.639851124,3.586322308,0.090897037
202,0.001,0.423504606,0.659691886,4.420347214,0.088369262
203,0.001,0.373496428,0.612593727,5.394515991,0.086941549
204,0.001,0.43107903,0.513876113,5.254999161,0.087566153
205,0.001,0.327005923,0.628597445,4.257220745,0.090709121
206,0.001,0.468252599,0.557155854,3.320234776,0.09993032
207,0.001,0.261400327,0.706550116,2.407901049,0.116852253
208,0.001,0.303539082,0.640070174,1.671033621,0.154458464
209,0.001,0.264375143,0.71193437,1.284949064,0.20294997
210,0.001,0.597136259,0.452817876,1.068847656,0.252496566
211,0.001,0.308125541,0.645862209,0.253100067,0.747761684
212,0.001,0.259475477,0.728103923,0.196912244,0.811633611
213,0.001,0.375534102,0.530711323,0.252750754,0.754331857
214,0.001,0.360251158,0.556203894,0.190808147,0.816644367
215,0.001,0.369708046,0.5398307,0.206729501,0.802543851
216,0.001,0.370753914,0.575762657,0.193082303,0.818533441
217,0.001,0.350355417,0.599283267,0.267901391,0.721915692
218,0.001,0.322366998,0.624207008,0.291603446,0.656515014
219,0.001,0.304389715,0.613282131,0.209653914,0.791751654
220,0.001,0.306828007,0.659925693,0.455502361,0.573961785
221,0.001,0.349209964,0.651114689,0.642759919,0.424073484
222,0.001,0.361288637,0.556512567,0.188347399,0.797925374
223,0.001,0.420084134,0.526351367,0.380899578,0.763426241
224,0.001,0.353922233,0.648345771,0.738106132,0.362426568
225,0.001,0.321864754,0.663456624,1.670992374,0.159929444
226,0.001,0.361668378,0.592411402,2.792533636,0.110506452
227,0.001,0.298506632,0.686183324,3.469239235,0.101255577
228,0.001,0.356673375,0.653886059,3.152201653,0.10593555
229,0.001,0.274954394,0.686424641,2.45484066,0.120974799
230,0.001,0.346806347,0.697052051,1.873827457,0.14289429
231,0.001,0.302139908,0.646049354,1.0449332,0.253004929
232,0.001,0.250370421,0.701279671,0.531653702,0.52550097
233,0.001,0.287945122,0.678047901,0.344221771,0.67958265
234,0.001,0.374223977,0.658654918,0.309981674,0.732509132
235,0.001,0.410008773,0.505147087,0.566754103,0.498459748
236,0.001,0.391777754,0.57682378,0.722992122,0.362860616
237,0.001,0.369266704,0.564903075,0.704654157,0.338119658
238,0.001,0.395001426,0.522265305,0.803851485,0.220980836
239,0.001,0.35597983,0.588091961,0.794078112,0.21917575
240,0.001,0.317033902,0.638452103,0.650783002,0.414115238
241,0.001,0.484367594,0.516713293,0.915856719,0.283545154
242,0.001,0.321402609,0.654303081,0.391434163,0.638552764
243,0.001,0.387831151,0.498586995,0.259689927,0.729396615
244,0.001,0.31344153,0.672020994,0.662393093,0.404786063
245,0.001,0.362048641,0.626292926,1.595379829,0.173348934
246,0.001,0.331375524,0.616007541,2.004103661,0.134753323
247,0.001,0.2850243,0.699977003,1.858344078,0.135310767
248,0.001,0.305925295,0.648631849,1.293438911,0.187517711
249,0.001,0.289759941,0.660257701,1.132004857,0.21880651
250,0.001,0.289320871,0.680587176,0.291083992,0.681136167
251,0.001,0.266966298,0.680856605,0.403900564,0.521323237
252,0.001,0.332055822,0.646595061,0.352720976,0.593623709
253,0.001,0.297244504,0.633674588,0.258319527,0.715518183
254,0.001,0.281851038,0.672681382,0.232590035,0.76887247
255,0.001,0.315080166,0.629001385,0.202208385,0.800395157
256,0.001,0.290247396,0.63531172,0.219830453,0.788194445
257,0.001,0.304510102,0.692515462,0.220543906,0.789324445
258,0.001,0.252257109,0.715037608,0.230831534,0.77082274
259,0.001,0.251872957,0.720280151,0.241078436,0.747912505
260,0.001,0.245438732,0.735633191,0.227024853,0.763292696
261,0.001,0.302576907,0.610225688,0.232840404,0.748722976
262,0.001,0.259225845,0.717479963,0.212867394,0.782113022
263,0.001,0.305150077,0.656807099,0.234616563,0.741146586
264,0.001,0.249245055,0.730033782,0.325137615,0.621113957
265,0.001,0.247335292,0.705735964,0.352596104,0.595324008
266,0.001,0.253862798,0.653685351,0.307628781,0.645991455
267,0.001,0.312804833,0.639691549,0.221407697,0.767872634
268,0.001,0.348932259,0.628737701,0.269361794,0.751440154
269,0.001,0.305941276,0.689341495,0.468183607,0.553335226
270,0.001,0.262700476,0.69993129,0.412498236,0.606643654
271,0.001,0.382848248,0.520655841,0.319685817,0.695208126
272,0.001,0.334488258,0.583380999,0.257591724,0.775052558
273,0.001,0.279088467,0.650060258,0.387383074,0.62911631
274,0.001,0.304375112,0.641744949,0.540656567,0.444267787
275,0.001,0.358391866,0.653658478,0.582369447,0.422612892
276,0.001,0.305648729,0.609685897,0.215865776,0.800335483
277,0.001,0.250574678,0.708668679,0.215985313,0.791907229
278,0.001,0.343474641,0.652035562,0.314636141,0.742667315
279,0.001,0.274582751,0.648539425,0.843977332,0.233427197
280,0.001,0.273960873,0.625628443,1.110515356,0.049342106
281,0.001,0.354731135,0.5576378,0.683033288,0.400436631
282,0.001,0.476263985,0.446303362,0.268623471,0.756000804
283,0.001,0.352720648,0.559283575,0.774605393,0.321704696
284,0.001,0.288478963,0.675199169,1.098983884,0.245875449
285,0.001,0.255073741,0.712882575,1.273132324,0.222052914
286,0.001,0.278784245,0.715919311,1.4532094,0.196400218
287,0.001,0.302166268,0.685856854,1.219804525,0.228491143
288,0.001,0.349546582,0.679510354,0.799536228,0.346972554
289,0.001,0.394184351,0.55914989,0.805362344,0.335092027
290,0.001,0.30873736,0.648418228,0.492337614,0.531263196
291,0.001,0.31882368,0.600514549,0.196407363,0.80021943
292,0.001,0.302587956,0.650089069,0.218965441,0.812131604
293,0.001,0.252977163,0.658047301,0.213512659,0.811356567
294,0.001,0.307629004,0.589641338,0.215986744,0.785128864
295,0.001,0.225968122,0.733622281,0.31620115,0.690762363
296,0.001,0.291744187,0.644898872,0.281847715,0.724646867
297,0.001,0.366950944,0.562185103,0.265973181,0.787808403
298,0.001,0.32818599,0.692420957,0.525155604,0.586275311
299,0.001,0.299465969,0.6698744,0.765071392,0.352681203
300,0.001,0.341927275,0.580083526,0.41261363,0.699260013
301,0.001,0.26828701,0.710575633,0.391574621,0.707887813
302,0.001,0.226367556,0.713364929,0.378988922,0.696551724
303,0.001,0.32243,0.659848985,0.689952433,0.409156599
304,0.001,0.334292173,0.601507377,0.707981348,0.417234079
305,0.001,0.257457055,0.711220458,0.682166338,0.442702459
306,0.001,0.316643476,0.610955987,0.637582183,0.466385847
307,0.001,0.29829818,0.625021326,0.511096418,0.540464002
308,0.001,0.285733715,0.644271588,0.404104114,0.618916882
309,0.001,0.3439776,0.705255895,0.274329275,0.777193986
310,0.001,0.29146558,0.671432894,0.307938814,0.764240838
311,0.001,0.293889686,0.680997665,0.267518789,0.784687532
312,0.001,0.329910979,0.672924373,0.26691404,0.792103479
313,0.001,0.313119046,0.677406565,0.374496132,0.720270795
314,0.001,0.323360771,0.606929394,0.892059624,0.262079584
315,0.001,0.334974468,0.601136842,0.846858561,0.284785052
316,0.001,0.351132289,0.582940596,0.725839376,0.400211628
317,0.001,0.302654997,0.663010986,0.729162931,0.384574996
318,0.001,0.257882789,0.702481879,0.695616066,0.406078297
319,0.001,0.25250528,0.654209766,0.518676102,0.547350465
320,0.001,0.240614042,0.728187669,0.37690562,0.690195072
321,0.001,0.290460348,0.661352062,0.387548357,0.738067713
322,0.001,0.277918443,0.695334773,0.511836886,0.657154204
323,0.001,0.262390316,0.683430612,0.66285491,0.511960627
324,0.001,0.282549649,0.642726914,0.715191722,0.464034582
325,0.001,0.21714244,0.72206332,0.770178795,0.416647319
326,0.001,0.261904895,0.698101358,0.738935113,0.422073037
327,0.001,0.266728476,0.685857957,0.618514121,0.482886003
328,0.001,0.284107156,0.616655414,0.409841418,0.646641684
329,0.001,0.236575879,0.710364845,0.295276582,0.751210895
330,0.001,0.234160513,0.742022235,0.22064966,0.799590663
331,0.001,0.22952652,0.687896838,0.194028392,0.816623264
332,0.001,0.261507928,0.605701984,0.172312915,0.829034321
333,0.001,0.331959456,0.656066672,0.237995148,0.75886141
334,0.001,0.29934229,0.627437239,0.658882141,0.476693977
335,0.001,0.283777386,0.626786015,0.760076046,0.410201729
336,0.001,0.251494989,0.685916121,0.528266191,0.577864294
337,0.001,0.247265048,0.708539722,0.281383514,0.776671021
338,0.001,0.21955049,0.742606322,0.213243634,0.802496017
339,0.001,0.247697532,0.687478731,0.185335264,0.809427922
340,0.001,0.310371965,0.594491539,0.183311835,0.806985481
341,0.001,0.214129768,0.75445447,0.184197992,0.807705939
342,0.001,0.252768412,0.663569734,0.178571701,0.812817646
343,0.001,0.233854815,0.681853494,0.177628011,0.814318355
344,0.001,0.255074754,0.685942194,0.174338162,0.818624686
345,0.001,0.279304616,0.705738083,0.279370844,0.679594915
346,0.001,0.255587712,0.644018027,0.659719527,0.412761376
347,0.001,0.242120504,0.70688795,0.790081322,0.334599229
348,0.001,0.278224781,0.675320026,0.782611787,0.316835095
349,0.001,0.243635237,0.718586201,0.695830226,0.364558103
350,0.001,0.217948832,0.75355943,0.433466166,0.57099452
351,0.001,0.239621222,0.687830061,0.280886829,0.758761466
352,0.001,0.235999189,0.713966921,0.252272248,0.786396618
353,0.001,0.242532149,0.686192842,0.237223402,0.7953085
354,0.001,0.34649618,0.649078571,0.224160567,0.795363106
355,0.001,0.230643265,0.736174909,0.224319994,0.784829492
356,0.001,0.288799278,0.670492842,0.226673633,0.808122425
357,0.001,0.265103236,0.700312364,0.569773674,0.458617554
358,0.001,0.234155998,0.713806495,0.642818868,0.357029208
359,0.001,0.308156714,0.625152572,0.595844209,0.34879292
360,0.001,0.230586641,0.730784925,0.758999228,0.286569474
361,0.001,0.262423731,0.697424149,0.513846099,0.481977072
362,0.001,0.252963439,0.713019175,0.331513643,0.644235785
363,0.001,0.2582381,0.709390941,0.207256809,0.764642141
364,0.001,0.279706717,0.691153809,0.182544082,0.797320208
365,0.001,0.232452869,0.702824787,0.171624035,0.816600022
366,0.001,0.262739733,0.670906473,0.192698896,0.786065884
367,0.001,0.288469896,0.593070209,0.176192582,0.811528983
368,0.001,0.253937192,0.703615012,0.189195409,0.784952607
369,0.001,0.287453897,0.630745899,0.186375841,0.794460719
370,0.001,0.287283212,0.630340563,0.259015352,0.678800626
371,0.001,0.222562261,0.719093792,0.361858457,0.581636573
372,0.001,0.27201324,0.666885771,0.414662391,0.536095662
373,0.001,0.240952961,0.692192418,0.41257754,0.530855932
374,0.001,0.271568477,0.652792284,0.282144576,0.641490489
375,0.001,0.249401368,0.674580916,0.167521387,0.821035422
376,0.001,0.29008849,0.63843197,0.175521627,0.808819632
377,0.001,0.259732574,0.666812033,0.168913722,0.819919517
378,0.001,0.220140994,0.746896791,0.170894355,0.824523074
379,0.001,0.291240945,0.619371745,0.172712058,0.823890064
380,0.001,0.257555865,0.670656664,0.245328337,0.72350156
381,0.001,0.290534899,0.716112152,0.344430506,0.620610155
382,0.001,0.244234338,0.679775213,0.331217319,0.627569081
383,0.001,0.207612641,0.753773442,0.30166322,0.66230045
384,0.001,0.251652911,0.67840618,0.263141662,0.748072946
385,0.001,0.264645092,0.641457049,0.341659367,0.665479085
386,0.001,0.228056915,0.717686723,0.309978038,0.696351883
387,0.001,0.225380428,0.726318297,0.28253594,0.717591234
388,0.001,0.279714033,0.587874535,0.322278857,0.690186462
389,0.001,0.305712543,0.606390711,0.704727829,0.345713097
390,0.001,0.209973015,0.716429266,0.917334855,0.228357927
391,0.001,0.245078489,0.705567715,1.09645772,0.218886038
392,0.001,0.320578143,0.63588407,1.069793224,0.242542882
393,0.001,0.246761933,0.716944155,0.950943589,0.279638481
394,0.001,0.425923169,0.492198081,0.728510141,0.3685992
395,0.001,0.281156898,0.671282598,0.294140577,0.703891783
396,0.001,0.423850313,0.535754142,0.219715983,0.773803262
397,0.001,0.240915932,0.696047799,0.378519446,0.598438855
398,0.001,0.249312364,0.708487264,0.538321614,0.43497258
399,0.001,0.278962895,0.649525459,0.623877168,0.362904645
400,0.001,0.306643389,0.664487983,0.577346325,0.387843337
401,0.001,0.420620978,0.481866708,0.506212711,0.425824918
402,0.001,0.257426605,0.641102983,0.551122785,0.381712872
403,0.001,0.26473029,0.727593501,0.75886023,0.279559877
404,0.001,0.25779701,0.637293332,0.836452305,0.27501614
405,0.001,0.250206038,0.702804917,0.85580492,0.286216803
406,0.001,0.290150106,0.632975442,0.959351063,0.211549864
407,0.001,0.260362789,0.667226051,0.882679164,0.30657794
408,0.001,0.21168609,0.735296796,0.735872924,0.396170755
409,0.001,0.228647187,0.711083363,0.541291595,0.512729326
410,0.001,0.233895414,0.697679502,0.383783251,0.652115664
411,0.001,0.233418681,0.710916539,0.312764972,0.724255788
412,0.001,0.338589519,0.576698492,0.397125661,0.634871738
413,0.001,0.2193873,0.719676569,0.60555315,0.47033534
414,0.001,0.218912475,0.739385732,0.754343688,0.388711272
415,0.001,0.197035767,0.766927313,0.781105936,0.392685886
416,0.001,0.261620075,0.663260043,0.639759481,0.50879955
417,0.001,0.236513622,0.74331574,0.388102233,0.668042581
418,0.001,0.283874065,0.721953311,0.264155865,0.792276089
419,0.001,0.231511898,0.700237112,0.216308594,0.82126365
420,0.001,0.212655075,0.755180754,0.190748155,0.824008193
421,0.001,0.205830403,0.726044344,0.17495881,0.827214514
422,0.001,0.225602716,0.73089243,0.196997076,0.821100169
423,0.001,0.203031771,0.752046277,0.210091114,0.813192209
424,0.001,0.211532339,0.753352642,0.233404189,0.799026312
425,0.001,0.265669525,0.690365403,0.354090124,0.723052147
426,0.001,0.196273312,0.751020494,0.563079953,0.570335091
427,0.001,0.265215144,0.714745682,0.543003082,0.595771145
428,0.001,0.198863983,0.735528528,0.429003954,0.720189891
429,0.001,0.210125931,0.737114306,0.388232708,0.765931508
430,0.001,0.213493295,0.743726291,0.383918881,0.773334072
431,0.001,0.222215004,0.746509065,0.373109341,0.775020588
432,0.001,0.2168881,0.720817467,0.389352471,0.773005131
433,0.001,0.202895463,0.740655452,0.408664316,0.771266747
434,0.001,0.211870156,0.750066416,0.40535304,0.775105622
435,0.001,0.193650424,0.766607152,0.418210179,0.765207075
436,0.001,0.233253837,0.711344783,0.465379655,0.713246238
437,0.001,0.235043406,0.717193629,0.473821491,0.69572697
438,0.001,0.248039328,0.721737539,0.423248023,0.750500445
439,0.001,0.235895626,0.722176341,0.264267087,0.799759628
440,0.001,0.221575513,0.746399857,0.240250364,0.776817289
441,0.001,0.232393749,0.729419598,0.24414283,0.765270381
442,0.001,0.261021972,0.682323039,0.249562249,0.777865613
443,0.001,0.209504016,0.758871387,0.260948956,0.78160862
444,0.001,0.209059,0.736458364,0.330821514,0.747368421
445,0.001,0.223366357,0.744977791,0.451319367,0.599767442
446,0.001,0.241986953,0.672698035,0.583454192,0.483100088
447,0.001,0.274223521,0.630620426,0.573616385,0.480267114
448,0.001,0.29032439,0.669029195,0.521947801,0.513319253
449,0.001,0.348933771,0.665154085,0.588893116,0.454924579
450,0.001,0.264526904,0.605006922,0.441387177,0.622402654
451,0.001,0.213589139,0.697873026,0.407766134,0.71789665
452,0.001,0.242520705,0.693864995,0.394834816,0.754555494
453,0.001,0.20361162,0.730689275,0.38224268,0.766292999
454,0.001,0.316364348,0.59937646,0.335183471,0.701495524
455,0.001,0.22752215,0.683544114,0.41727671,0.606682368
456,0.001,0.226421997,0.739394705,0.548919618,0.491041177
457,0.001,0.314346313,0.668955756,0.559845209,0.48539024
458,0.001,0.246089034,0.697254266,0.571222246,0.474082703
459,0.001,0.218605973,0.737283323,0.370722055,0.653800885
460,0.001,0.251351573,0.701547396,0.236911923,0.785427424
461,0.001,0.319623947,0.670630995,0.32970643,0.750167112
462,0.001,0.263153389,0.660652088,0.340289056,0.753723374
463,0.001,0.233728193,0.736477017,0.33775726,0.785234899
464,0.001,0.34441188,0.666955034,0.438983083,0.752257558
465,0.001,0.2427091,0.705041572,0.565037489,0.586239714
466,0.001,0.308569014,0.617371358,0.572306812,0.571028807
467,0.001,0.247074023,0.681084208,0.357466429,0.707550842
468,0.001,0.199604414,0.75290441,0.359647155,0.662184437
469,0.001,0.26351437,0.711484464,0.437604398,0.579133672
470,0.001,0.211060315,0.741287889,0.365368545,0.66113909
471,0.001,0.23055619,0.712942715,0.321246207,0.707782034
472,0.001,0.211782403,0.75046752,0.267553508,0.758368495
473,0.001,0.213982925,0.749000564,0.209334552,0.811104282
474,0.001,0.190994158,0.753732559,0.228396147,0.80752586
475,0.001,0.222772591,0.72605622,0.28021127,0.791922126
476,0.001,0.215150259,0.740742184,0.29143402,0.788132807
477,0.001,0.227177888,0.715748531,0.364759743,0.756022753
478,0.001,0.187625907,0.746029483,0.389139503,0.731334115
479,0.001,0.191822164,0.766500244,0.296816289,0.775660388
480,0.001,0.219439469,0.729731379,0.300534815,0.773029388
481,0.001,0.201770224,0.759107175,0.508350194,0.621733535
482,0.001,0.204909123,0.74387257,0.544651151,0.594975835
483,0.001,0.249868721,0.706139878,0.502955735,0.65102853
484,0.001,0.249001622,0.699098668,0.486049175,0.682787574
485,0.001,0.225969821,0.701639927,0.420858055,0.768015136
486,0.001,0.223345004,0.703795978,0.353329509,0.788828112
487,0.001,0.203550167,0.752920575,0.315041989,0.798895813
488,0.001,0.22241082,0.70460355,0.284787863,0.804316159
489,0.001,0.212400407,0.735798758,0.311466128,0.79840472
490,0.001,0.200008363,0.747459069,0.316515416,0.787592009
491,0.001,0.273459956,0.723084866,0.735598743,0.404249093
492,0.001,0.229561329,0.729131506,0.948285818,0.224079472
493,0.001,0.250331037,0.69783457,0.909446299,0.259616523
494,0.001,0.249058768,0.71816958,0.804549813,0.353391305
495,0.001,0.296584979,0.657428736,0.533529162,0.48900253
496,0.001,0.18424347,0.767337093,0.345481098,0.627353178
497,0.001,0.253191307,0.690014155,0.260782808,0.71279983
498,0.001,0.20825877,0.72784218,0.199341789,0.781581741
499,0.001,0.263986319,0.668354948,0.197069481,0.781983427
500,0.001,0.208730906,0.73659497,0.189387098,0.796511628
501,0.001,0.249879487,0.726389638,0.228964582,0.757654441
502,0.001,0.289008014,0.621843566,0.324854672,0.647222678
503,0.001,0.227026425,0.701842086,0.441892028,0.54325432
504,0.001,0.188386343,0.760639966,0.538294494,0.487153425
505,0.001,0.219043985,0.683182632,0.47996369,0.520699016
506,0.001,0.194154263,0.760595109,0.469459683,0.537920472
507,0.001,0.19710777,0.749373579,0.436062306,0.571525616
508,0.001,0.196406648,0.742445375,0.368505776,0.641224375
509,0.001,0.213443331,0.753852725,0.252366662,0.765472134
510,0.001,0.184368223,0.767345287,0.222035408,0.800216216
511,0.001,0.195743419,0.771347413,0.2096062,0.81333118
512,0.001,0.20519387,0.747381318,0.206025332,0.820307859
513,0.001,0.191437587,0.775535365,0.208149701,0.812866459
514,0.001,0.210845977,0.747111104,0.213816479,0.817052389
515,0.001,0.194906205,0.766163985,0.228339776,0.816100809
516,0.001,0.20657599,0.720046954,0.262756914,0.798571036
517,0.001,0.182262942,0.774101235,0.301148474,0.793804825
518,0.001,0.278229564,0.635094644,0.388103217,0.760416087
519,0.001,0.213580072,0.733942531,0.422542572,0.747818792
520,0.001,0.192600071,0.772015114,0.452813745,0.720144617
521,0.001,0.183231026,0.765077167,0.453258544,0.709717514
522,0.001,0.187131442,0.759863815,0.397556245,0.736906825
523,0.001,0.19151964,0.761247325,0.312635154,0.761865113
524,0.001,0.184667535,0.774691201,0.249189794,0.790509512
525,0.001,0.178961106,0.755144285,0.232606962,0.795492805
526,0.001,0.196347281,0.757143106,0.233555615,0.77967763
527,0.001,0.208760932,0.727175661,0.253515691,0.733050386
528,0.001,0.180250719,0.779082226,0.295362502,0.684530993
529,0.001,0.207488552,0.747553468,0.325264394,0.648596052
530,0.001,0.206463903,0.757145068,0.354652315,0.610181778
531,0.001,0.212677978,0.697283763,0.381472141,0.56509355
532,0.001,0.205846317,0.727479018,0.310960531,0.625424389
533,0.001,0.196272545,0.750708476,0.347050697,0.591168655
534,0.001,0.213756584,0.739924017,0.435348272,0.545501344
535,0.001,0.219552301,0.712700689,0.640215695,0.453549719
536,0.001,0.189422637,0.758415463,0.707589209,0.446570973
537,0.001,0.220033489,0.718424018,0.6813398,0.476363224
538,0.001,0.23651614,0.713242104,0.494655937,0.581072027
539,0.001,0.21977105,0.711591867,0.26325509,0.754501177
540,0.001,0.19454468,0.759838794,0.194675744,0.817201417
541,0.001,0.19307521,0.766892406,0.173459217,0.828679125
542,0.001,0.205889344,0.738935574,0.166626513,0.831474335
543,0.001,0.225243933,0.695794396,0.174193382,0.82687039
544,0.001,0.20798891,0.768098158,0.185841054,0.821563682
545,0.001,0.271653429,0.625863368,0.205721185,0.818186647
546,0.001,0.235371009,0.667921803,0.240962386,0.815865726
547,0.001,0.190162301,0.754207688,0.348447084,0.790442617
548,0.001,0.186304726,0.762966521,0.426582724,0.767619366
549,0.001,0.201201022,0.724623621,0.439858615,0.768122368
550,0.001,0.253774896,0.702664547,0.422356844,0.780909638
551,0.001,0.183497921,0.749046465,0.354637265,0.791573676
552,0.001,0.191629149,0.766898101,0.417845547,0.743118757
553,0.001,0.183006972,0.774246771,0.349132836,0.694768578
554,0.001,0.188172989,0.759542787,0.343029886,0.647770136
555,0.001,0.195357531,0.725677313,0.306404233,0.652294476
556,0.001,0.233982839,0.720215371,0.216363207,0.743581411
557,0.001,0.194932617,0.732102013,0.164753184,0.822897549
558,0.001,0.193722174,0.751283152,0.16261141,0.829211663
559,0.001,0.194620095,0.74952573,0.157212779,0.833253012
560,0.001,0.199041694,0.744440328,0.151059613,0.838535831
561,0.001,0.210089453,0.740264708,0.149475917,0.838933644
562,0.001,0.198459871,0.73670296,0.158586279,0.83341381
563,0.001,0.20762226,0.759331531,0.174172699,0.827716979
564,0.001,0.178362235,0.741529695,0.188888371,0.82190362
565,0.001,0.165817529,0.793365816,0.220362574,0.804898229
566,0.001,0.191317715,0.762627042,0.270391732,0.771780776
567,0.001,0.195807956,0.735731437,0.280657679,0.766005262
568,0.001,0.214786351,0.71486605,0.273878902,0.756077708
569,0.001,0.204802066,0.704537105,0.24755685,0.7754936
570,0.001,0.192063846,0.739469465,0.252103269,0.770727442
571,0.001,0.189470232,0.765375395,0.202048138,0.811985708
572,0.001,0.200099818,0.717724725,0.177561969,0.825594985
573,0.001,0.197462179,0.757178438,0.170127809,0.823578119
574,0.001,0.212996036,0.730633547,0.163415074,0.829857128
575,0.001,0.186577745,0.774159226,0.182993338,0.822262214
576,0.001,0.21106492,0.75166366,0.230164632,0.780075188
577,0.001,0.195333466,0.742698844,0.373461664,0.651596326
578,0.001,0.217620224,0.703243039,0.488957256,0.588764295
579,0.001,0.208478853,0.724593433,0.524778366,0.577293208
580,0.001,0.180360965,0.782152197,0.426330805,0.634345666
581,0.001,0.180956796,0.778350985,0.347290277,0.700661311
582,0.001,0.182301469,0.761700707,0.270738363,0.772480516
583,0.001,0.179737896,0.781808377,0.254256815,0.791489362
584,0.001,0.25441885,0.66005504,0.313820004,0.74683747
585,0.001,0.183353059,0.770554025,0.37557596,0.709969301
586,0.001,0.194281176,0.760683804,0.441801548,0.683316197
587,0.001,0.224367402,0.756381485,0.285125047,0.768739604
588,0.001,0.186488211,0.763559353,0.231576771,0.802489494
589,0.001,0.186230585,0.77360401,0.225032106,0.802446354
590,0.001,0.171838738,0.775991769,0.237393931,0.799170865
591,0.001,0.190935425,0.74174387,0.243139714,0.790885971
592,0.001,0.188217029,0.757509057,0.233267292,0.797949684
593,0.001,0.164535262,0.788861034,0.227431163,0.807037755
594,0.001,0.180950224,0.777643111,0.229837313,0.79992654
595,0.001,0.197153524,0.741111963,0.270070553,0.745104317
596,0.001,0.209812708,0.718856079,0.242378458,0.757923527
597,0.001,0.182014816,0.777327696,0.253277361,0.741569943
598,0.001,0.181398228,0.768152284,0.235984266,0.752989146
599,0.001,0.184767582,0.773660823,0.233912021,0.742283782
600,0.001,0.172764428,0.767774623,0.247347683,0.719673196
601,0.001,0.210333914,0.72361257,0.257613569,0.708598121
602,0.001,0.194861993,0.763140133,0.292257547,0.682858708
603,0.001,0.184069462,0.760042279,0.299599975,0.681587091
604,0.001,0.189734444,0.766347866,0.316603631,0.673727648
605,0.001,0.169550851,0.785428554,0.347695023,0.661712475
606,0.001,0.178228438,0.768621528,0.353915572,0.672015508
607,0.001,0.175587647,0.777449192,0.331818759,0.694749175
608,0.001,0.193382777,0.760765177,0.279594779,0.754351622
609,0.001,0.17034284,0.78258381,0.289877176,0.755871079
610,0.001,0.176256932,0.77045256,0.28290087,0.762355128
611,0.001,0.194400266,0.764981712,0.261958092,0.785051321
612,0.001,0.201074794,0.724788216,0.271729708,0.775438788
613,0.001,0.193685152,0.768562729,0.42009151,0.677818464
614,0.001,0.191660509,0.762479718,0.558813274,0.602776534
615,0.001,0.195775412,0.751433402,0.616862297,0.550887441
616,0.001,0.18561969,0.755350603,0.610595703,0.56243401
617,0.001,0.155743577,0.803220768,0.61448586,0.563080645
618,0.001,0.192889422,0.775651629,0.599778593,0.57817141
619,0.001,0.198442623,0.761003156,0.530195951,0.641714378
620,0.001,0.195881903,0.742902376,0.408329457,0.701699249
621,0.001,0.194352001,0.769314888,0.331908137,0.747904991
622,0.001,0.175645381,0.785184675,0.355521858,0.741753822
623,0.001,0.198890194,0.742732777,0.373175889,0.75018921
624,0.001,0.169912741,0.787998251,0.324205101,0.773406809
625,0.001,0.163648516,0.781439834,0.289436966,0.782193959
626,0.001,0.182955325,0.764313603,0.263620317,0.790935592
627,0.001,0.192496657,0.738977307,0.23440592,0.804133912
628,0.001,0.182982527,0.792247108,0.229866922,0.799075704
629,0.001,0.241536684,0.734022169,0.275678515,0.764924133
630,0.001,0.246958308,0.716607639,0.447602212,0.65157842
631,0.001,0.188317351,0.762102101,0.594168425,0.568243581
632,0.001,0.203223139,0.736238647,0.58309257,0.571695008
633,0.001,0.170404419,0.795311967,0.588159919,0.564971441
634,0.001,0.167851388,0.791666521,0.587902486,0.561600524
635,0.001,0.183032751,0.776287353,0.586888373,0.558734451
636,0.001,0.182385623,0.769874028,0.574007809,0.563657906
637,0.001,0.211288303,0.727582319,0.538763702,0.574905762
638,0.001,0.162993997,0.80251472,0.492174178,0.591434874
639,0.001,0.222212225,0.705219861,0.215975583,0.784694728
640,0.001,0.178442739,0.769610511,0.181601658,0.816246097
641,0.001,0.215683743,0.73141228,0.180034131,0.814897845
642,0.001,0.2122036,0.731246731,0.187816337,0.804702809
643,0.001,0.192996688,0.765623788,0.191112608,0.798862231
644,0.001,0.18058186,0.773464321,0.201212049,0.798937823
645,0.001,0.16793377,0.793223179,0.201754451,0.806545153
646,0.001,0.180169336,0.778067854,0.213393539,0.804109369
647,0.001,0.182255141,0.754576773,0.296021253,0.738780904
648,0.001,0.226278476,0.716709248,0.288079321,0.80751328
649,0.001,0.177726567,0.784087255,0.259306371,0.816284713
650,0.001,0.21664995,0.712880122,0.261074424,0.808567815
651,0.001,0.192946419,0.770025167,0.359868795,0.789790742
652,0.001,0.222417906,0.706121604,0.425373852,0.782652627
653,0.001,0.179501213,0.756055928,0.446343809,0.763068274
654,0.001,0.201656118,0.732607134,0.458601892,0.734054232
655,0.001,0.178000741,0.776101985,0.385138273,0.782411505
656,0.001,0.180917613,0.763887162,0.271021426,0.813228502
657,0.001,0.178778,0.7790402,0.234693423,0.821243665
658,0.001,0.180937253,0.764348212,0.196467608,0.823832805
659,0.001,0.160303026,0.781883648,0.196102351,0.811967644
660,0.001,0.192353785,0.756041731,0.198693335,0.804556419
661,0.001,0.167704217,0.779491341,0.184688598,0.809225665
662,0.001,0.175242499,0.745307933,0.173869416,0.820023582
663,0.001,0.21143534,0.73081814,0.173386812,0.826131411
664,0.001,0.182045504,0.774587979,0.165709674,0.832698804
665,0.001,0.165159099,0.799415975,0.170171738,0.831644959
666,0.001,0.172855727,0.771933558,0.171773091,0.82902816
667,0.001,0.183049679,0.759877722,0.173713699,0.826152409
668,0.001,0.174095929,0.789205003,0.191846699,0.818073537
669,0.001,0.172011159,0.782096632,0.209165469,0.813174214
670,0.001,0.17768164,0.789384611,0.206520036,0.818325768
671,0.001,0.206246138,0.709737745,0.257183611,0.798773812
672,0.001,0.172662213,0.77785226,0.336167812,0.755763448
673,0.001,0.188877575,0.72927168,0.454441428,0.683275026
674,0.001,0.17167303,0.767546905,0.502031744,0.665747411
675,0.001,0.194619521,0.763627562,0.466311812,0.733594569
676,0.001,0.176977344,0.766372132,0.439075947,0.769845556
677,0.001,0.165684901,0.78719273,0.440441132,0.777351452
678,0.001,0.186911769,0.764268426,0.442797899,0.778466264
679,0.001,0.175761551,0.787315023,0.442343444,0.779507065
680,0.001,0.213389613,0.708720795,0.442545384,0.776873138
681,0.001,0.181785971,0.762188778,0.451435149,0.760173717
682,0.001,0.163856737,0.77495472,0.46563679,0.734849716
683,0.001,0.181320071,0.755201853,0.474130511,0.711927206
684,0.001,0.189021379,0.765966716,0.460124105,0.744837758
685,0.001,0.158033296,0.811437573,0.45057109,0.762877005
686,0.001,0.174541414,0.766993723,0.434181958,0.78217012
687,0.001,0.253855035,0.663549591,0.411013126,0.79133366
688,0.001,0.159776628,0.807081437,0.419854581,0.793737984
689,0.001,0.20494552,0.746317064,0.425263137,0.791410363
690,0.001,0.185220771,0.732982622,0.431548327,0.782408435
691,0.001,0.188873097,0.758297511,0.446157753,0.764683068
692,0.001,0.183320761,0.762255982,0.45114243,0.75715539
693,0.001,0.166679822,0.777121256,0.453855038,0.748118661
694,0.001,0.184162319,0.776493415,0.444079846,0.753482046
695,0.001,0.183763199,0.782943046,0.368703574,0.772593961
696,0.001,0.176544234,0.782730513,0.269765556,0.795853698
697,0.001,0.204152741,0.723701032,0.210916743,0.820748663
698,0.001,0.178595856,0.759835099,0.188161328,0.833333333
699,0.001,0.177237883,0.784340437,0.183656037,0.834452635
700,0.001,0.152458936,0.803626656,0.176174626,0.83765422
701,0.001,0.166226476,0.785776756,0.179640502,0.833342366
702,0.001,0.174094371,0.786725621,0.168340489,0.835598706
703,0.001,0.183484785,0.766070705,0.174049988,0.819702201
704,0.001,0.185445547,0.742142545,0.169427603,0.820598007
705,0.001,0.173506029,0.772153465,0.159390703,0.830802951
706,0.001,0.170976989,0.800466823,0.155910239,0.838087607
707,0.001,0.165743276,0.796310296,0.161038056,0.833467331
708,0.001,0.153338857,0.793499831,0.162714094,0.834306843
709,0.001,0.179697618,0.789169856,0.178037226,0.823340299
710,0.001,0.171837628,0.775420352,0.18309775,0.820868452
711,0.001,0.187723152,0.747859374,0.18237935,0.824909555
712,0.001,0.160564899,0.814945814,0.181846812,0.829821116
713,0.001,0.178058699,0.754168938,0.186393857,0.829562354
714,0.001,0.169932075,0.786051128,0.19229129,0.828513499
715,0.001,0.172271676,0.777184594,0.205496296,0.82468226
716,0.001,0.165674619,0.773429636,0.229205117,0.817578773
717,0.001,0.155755967,0.788951605,0.262413055,0.809215496
718,0.001,0.17363809,0.748921165,0.260183513,0.809119888
719,0.001,0.174867682,0.77464997,0.292307705,0.803412218
720,0.001,0.178478956,0.788422902,0.381715238,0.770453905
721,0.001,0.169412635,0.797151392,0.417803258,0.743570736
722,0.001,0.159169242,0.797551972,0.3987782,0.745093603
723,0.001,0.171811245,0.766793272,0.432882994,0.748436179
724,0.001,0.152637988,0.807173729,0.439878672,0.753826316
725,0.001,0.170398749,0.772209238,0.449107856,0.749371895
726,0.001,0.178101979,0.796247343,0.461808026,0.738786427
727,0.001,0.182638273,0.771890365,0.464352787,0.735029354
728,0.001,0.170619503,0.763429377,0.406892776,0.752479109
729,0.001,0.161862217,0.7687219,0.307895511,0.776869094
730,0.001,0.188658945,0.750405615,0.232738078,0.792434372
731,0.001,0.15840961,0.794646891,0.205635726,0.790890602
732,0.001,0.153745264,0.802076775,0.189264223,0.798432074
733,0.001,0.175544888,0.780752328,0.197842047,0.793797888
734,0.001,0.181759864,0.767822283,0.210234359,0.789884659
735,0.001,0.200914167,0.731123627,0.205092713,0.799887232
736,0.001,0.157680191,0.79140496,0.188702002,0.80876348
737,0.001,0.173371091,0.777947843,0.173578605,0.820929374
738,0.001,0.170520097,0.777159079,0.166697219,0.826052673
739,0.001,0.176026933,0.781753459,0.155453384,0.836398325
740,0.001,0.156878404,0.801927418,0.157126471,0.836101007
741,0.001,0.189817943,0.80189167,0.426041961,0.703191016
742,0.001,0.163988255,0.794535176,0.572635233,0.564060743
743,0.001,0.160267703,0.78709106,0.615673363,0.526058262
744,0.001,0.208590373,0.75810943,0.573871613,0.569816883
745,0.001,0.213942073,0.722170613,0.490551114,0.679694519
746,0.001,0.195718013,0.764144868,0.418843269,0.768571909
747,0.001,0.179124907,0.779301101,0.243204236,0.814465754
748,0.001,0.17658937,0.754342306,0.205285877,0.827109341
749,0.001,0.180369705,0.758621259,0.193831995,0.830714133
750,0.001,0.182392322,0.784697661,0.188272163,0.829666242
751,0.001,0.198747411,0.726203163,0.192354098,0.826534971
752,0.001,0.191105507,0.76102753,0.196371213,0.821535501
753,0.001,0.162906922,0.766827052,0.188525632,0.824537977
754,0.001,0.169351608,0.781647031,0.185933948,0.826215577
755,0.001,0.183470987,0.81039247,0.204539925,0.815100489
756,0.001,0.172232777,0.778681924,0.222594261,0.812616566
757,0.001,0.15389584,0.800714284,0.235827625,0.812247608
758,0.001,0.182723343,0.748383701,0.23709096,0.816177285
759,0.001,0.162158176,0.787053181,0.237147823,0.821319572
760,0.001,0.169895805,0.776154099,0.226892918,0.831447652
761,0.001,0.172955722,0.765368524,0.256498605,0.823441727
762,0.001,0.166816518,0.770855363,0.251040667,0.826755595
763,0.001,0.169786811,0.771211918,0.37251696,0.797814208
764,0.001,0.162321784,0.793551904,0.333775103,0.801301329
765,0.001,0.181667164,0.781350995,0.357970625,0.795587034
766,0.001,0.159211077,0.775448113,0.377741724,0.788814827
767,0.001,0.163567089,0.790906595,0.402085096,0.783605665
768,0.001,0.176996037,0.781281779,0.427949488,0.778197547
769,0.001,0.172708437,0.769689149,0.421130449,0.783724501
770,0.001,0.159390017,0.779417017,0.386670321,0.788716875
771,0.001,0.160760909,0.795982239,0.381147772,0.790973872
772,0.001,0.176611453,0.750494701,0.327582836,0.80432133
773,0.001,0.164080538,0.813320078,0.287468702,0.816234811
774,0.001,0.299153745,0.615834566,0.200724661,0.829816017
775,0.001,0.157096304,0.77735754,0.18263638,0.829937387
776,0.001,0.180362038,0.792321939,0.176060617,0.825277255
777,0.001,0.164797761,0.792676789,0.178890496,0.823939235
778,0.001,0.173798457,0.771614504,0.178063795,0.823731103
779,0.001,0.186727904,0.793717243,0.183336496,0.824399646
780,0.001,0.169370301,0.793793329,0.189773411,0.826318285
781,0.001,0.167889573,0.772287278,0.192667946,0.827125119
782,0.001,0.156378396,0.788740506,0.197788715,0.823325142
783,0.001,0.154437229,0.81001984,0.200381726,0.822247155
784,0.001,0.139984876,0.82186231,0.20247142,0.820653623
785,0.001,0.175301082,0.774623047,0.205474883,0.820027639
786,0.001,0.17050945,0.784011586,0.203558981,0.822453753
787,0.001,0.159253851,0.814290401,0.213888019,0.821451475
788,0.001,0.162773266,0.799850495,0.213550866,0.82038913
789,0.001,0.177647933,0.780898803,0.222870141,0.819994611
790,0.001,0.166758724,0.772759056,0.207548067,0.825037626
791,0.001,0.157023303,0.819064537,0.214586899,0.825596529
792,0.001,0.162400089,0.784445831,0.219560102,0.825881458
793,0.001,0.174695842,0.779069937,0.2333294,0.821362398
794,0.001,0.193476126,0.725480643,0.232243493,0.822673785
795,0.001,0.169356421,0.789865655,0.27134791,0.815312843
796,0.001,0.158984236,0.776458472,0.25272736,0.819964935
797,0.001,0.155284397,0.812115064,0.260722786,0.818251576
798,0.001,0.15563412,0.81030345,0.329924077,0.801462905
799,0.001,0.149028316,0.812022471,0.295586407,0.8077049
800,0.001,0.16301576,0.766078418,0.314715475,0.802799259
801,0.001,0.183820277,0.731999721,0.362870336,0.789588563
802,0.001,0.150063291,0.819169085,0.385324866,0.783345173
803,0.001,0.181357123,0.750475088,0.391799748,0.779848701
804,0.001,0.162437245,0.778173962,0.365708143,0.782297966
805,0.001,0.166706108,0.784971673,0.371399045,0.7755803
806,0.001,0.143408295,0.820235289,0.388587207,0.76819497
807,0.001,0.15731056,0.809211906,0.40704003,0.760588498
808,0.001,0.157673493,0.7958665,0.35660094,0.781729273
809,0.001,0.152526148,0.808715299,0.295476615,0.797525433
810,0.001,0.204426117,0.728145285,0.23461543,0.819491249
811,0.001,0.163053006,0.782857132,0.209537417,0.82426086
812,0.001,0.171653733,0.791482429,0.201229438,0.825822168
813,0.001,0.157479681,0.805940776,0.196768478,0.828213698
814,0.001,0.175994724,0.791699144,0.193345681,0.832532051
815,0.001,0.158153199,0.806277164,0.189498901,0.834226605
816,0.001,0.184596054,0.777529274,0.192993343,0.83545533
817,0.001,0.18695806,0.747696635,0.202585533,0.83248456
818,0.001,0.171796292,0.766058057,0.194735289,0.83385563
819,0.001,0.141184948,0.814825992,0.206294701,0.83276265
820,0.001,0.185878739,0.756279216,0.213952348,0.831115716
821,0.001,0.167562425,0.771977288,0.216651976,0.830837342
822,0.001,0.150540844,0.801556022,0.223459259,0.829295034
823,0.001,0.170399375,0.788421262,0.242979184,0.821943333
824,0.001,0.149043232,0.814970954,0.240569502,0.819687313
825,0.001,0.146450371,0.808652326,0.264082193,0.809303591
826,0.001,0.156746633,0.796887526,0.25394097,0.811413454
827,0.001,0.153719604,0.784908118,0.297314167,0.796289284
828,0.001,0.167106189,0.77659372,0.303003669,0.794754846
829,0.001,0.160750173,0.806482642,0.25558424,0.809104259
830,0.001,0.159613915,0.818093909,0.246532708,0.812075761
831,0.001,0.156037241,0.796084026,0.255211651,0.807333407
832,0.001,0.148244716,0.820594788,0.246316463,0.810665201
833,0.001,0.177624881,0.762664475,0.284569174,0.798109348
834,0.001,0.164260581,0.797798031,0.326412708,0.784623049
835,0.001,0.16563163,0.789676963,0.360546678,0.774090232
836,0.001,0.156853147,0.802008063,0.356428117,0.778089733
837,0.001,0.162658088,0.79612248,0.364512682,0.778565151
838,0.001,0.16557955,0.782482218,0.363976508,0.780698378
839,0.001,0.17963919,0.783841615,0.373975903,0.779797427
840,0.001,0.160975628,0.802732669,0.374171317,0.781602277
841,0.001,0.157698914,0.810254366,0.37241593,0.782729653
842,0.001,0.162086986,0.785813035,0.326503575,0.796068395
843,0.001,0.157585431,0.767906247,0.331543386,0.792911669
844,0.001,0.14878542,0.808296495,0.297841966,0.801780156
845,0.001,0.144777805,0.821191002,0.285177112,0.805852376
846,0.001,0.166599944,0.813648142,0.344744623,0.787830308
847,0.001,0.163204566,0.795616111,0.297708184,0.799889898
848,0.001,0.150451742,0.789935599,0.299887717,0.7991715
849,0.001,0.151903696,0.803419294,0.267737031,0.8081495
850,0.001,0.170978829,0.767325392,0.23314774,0.819903392
851,0.001,0.153179854,0.798766548,0.233714327,0.818599814
852,0.001,0.191322565,0.733909766,0.236583784,0.817902589
853,0.001,0.15675604,0.774784718,0.217841312,0.822784122
854,0.001,0.156485632,0.797816819,0.20817326,0.826712255
855,0.001,0.143006012,0.794769884,0.213946909,0.826908418
856,0.001,0.162319086,0.781354276,0.209406435,0.828247176
857,0.001,0.16252844,0.792953479,0.204605088,0.829767643
858,0.001,0.143903419,0.808712842,0.203665391,0.83141514
859,0.001,0.165784195,0.785414157,0.204513624,0.829795259
860,0.001,0.1759279,0.75566532,0.233819485,0.823363523
861,0.001,0.152122356,0.782215743,0.243167639,0.82325455
862,0.001,0.160258159,0.812207263,0.236538857,0.823724573
863,0.001,0.165128663,0.801186374,0.225283355,0.826909448
864,0.001,0.1552407,0.810420637,0.228966132,0.826499808
865,0.001,0.154025771,0.811983108,0.221477509,0.829248187
866,0.001,0.151284251,0.810901818,0.226942927,0.827891381
867,0.001,0.164082982,0.772173447,0.210308105,0.833324199
868,0.001,0.161838353,0.782075763,0.211064607,0.832541892
869,0.001,0.156932242,0.792763963,0.211556002,0.831835267
870,0.001,0.155702382,0.808685103,0.204465389,0.832629642
871,0.001,0.162783369,0.7769561,0.202379942,0.831480587
872,0.001,0.144473054,0.797846624,0.219243571,0.827930309
873,0.001,0.166886114,0.780042897,0.241598874,0.821430502
874,0.001,0.15409033,0.80360515,0.247245446,0.81898933
875,0.001,0.153903849,0.813779741,0.277175903,0.809220899
876,0.001,0.152686212,0.788453032,0.257604331,0.813289431
877,0.001,0.168653667,0.778097117,0.269021153,0.80772325
878,0.001,0.149818793,0.792033623,0.272041261,0.806877314
879,0.001,0.16565863,0.780627918,0.322995156,0.790932531
880,0.001,0.151065618,0.803690401,0.338503808,0.786752045
881,0.001,0.152334198,0.794823418,0.311875641,0.79373958
882,0.001,0.171202444,0.775405409,0.285458416,0.802771512
883,0.001,0.146367349,0.799253816,0.275110513,0.80748577
884,0.001,0.150445275,0.796976029,0.2559582,0.813402007
885,0.001,0.165978342,0.801620695,0.25483036,0.81394223
886,0.001,0.17554006,0.810144034,0.297108561,0.803599501
887,0.001,0.164490327,0.798591664,0.279091656,0.808995454
888,0.001,0.189547457,0.745574501,0.300716937,0.804249769
889,0.001,0.142554637,0.826917711,0.298723161,0.804830181
890,0.001,0.152362935,0.810673002,0.329207569,0.798927321
891,0.001,0.165528528,0.776103556,0.297247201,0.804767123
892,0.001,0.150144197,0.812528982,0.29671818,0.805107969
893,0.001,0.152967468,0.801563825,0.334846258,0.796459692
894,0.001,0.137668036,0.822512865,0.336701185,0.795344752
895,0.001,0.147539437,0.818878982,0.352127761,0.792114695
896,0.001,0.156437069,0.791592083,0.357795686,0.788817133
897,0.001,0.168803357,0.773623191,0.341283858,0.793708609
898,0.001,0.159997217,0.810392767,0.376496732,0.783502875
899,0.001,0.152304061,0.825563713,0.369089812,0.785840708
900,0.001,0.147453174,0.829877786,0.344921261,0.793198784
901,0.001,0.142605036,0.824932503,0.318324685,0.797922308
902,0.001,0.14620696,0.814180383,0.337638408,0.795133525
903,0.001,0.182911254,0.765651215,0.355461955,0.789664851
904,0.001,0.159200467,0.766884759,0.367889881,0.784783799
905,0.001,0.167067088,0.80270626,0.375628829,0.781700209
906,0.001,0.139249496,0.81075054,0.372883618,0.782383705
907,0.001,0.154008731,0.812967113,0.413342685,0.772975057
908,0.001,0.13683223,0.830502949,0.393379003,0.776981195
909,0.001,0.146586344,0.820584986,0.39054665,0.776252687
910,0.001,0.156237319,0.783844883,0.364876211,0.784040393
911,0.001,0.141790271,0.834477407,0.36585775,0.782460948
912,0.001,0.152276866,0.801305355,0.3430866,0.788734703
913,0.001,0.145063996,0.812926529,0.362837523,0.783643326
914,0.001,0.141399253,0.819989219,0.330000579,0.792785418
915,0.001,0.153627336,0.804727378,0.311442316,0.798452991
916,0.001,0.148538921,0.814726903,0.288906097,0.805467814
917,0.001,0.149163261,0.816482697,0.244913697,0.818285466
918,0.001,0.160737827,0.798398099,0.22652632,0.822418272
919,0.001,0.158767059,0.785064039,0.224022299,0.823230686
920,0.001,0.158133291,0.785210422,0.238761336,0.820082322
921,0.001,0.164514057,0.78529279,0.215830058,0.8267861
922,0.001,0.158582933,0.790060726,0.220025733,0.825373698
923,0.001,0.156609826,0.797755501,0.231722102,0.823647186
924,0.001,0.150560908,0.812698135,0.230333701,0.824784237
925,0.001,0.147900224,0.805649444,0.218333066,0.828487582
926,0.001,0.185096361,0.768656783,0.206328124,0.831339001
927,0.001,0.148015693,0.804827974,0.210282505,0.830666594
928,0.001,0.146020621,0.807309881,0.206370309,0.830341696
929,0.001,0.164868198,0.773103971,0.20443131,0.830578066
930,0.001,0.164313585,0.811425159,0.205329731,0.829533818
931,0.001,0.167600267,0.79326054,0.216606826,0.826314371
932,0.001,0.172952071,0.766614063,0.210433424,0.827013071
933,0.001,0.143583894,0.812238115,0.212124079,0.828486647
934,0.001,0.155653521,0.795689821,0.219537288,0.82620451
935,0.001,0.146959633,0.797653763,0.215535805,0.82770928
936,0.001,0.162100397,0.794325548,0.223271057,0.825771521
937,0.001,0.205957487,0.726360535,0.232293755,0.822585005
938,0.001,0.15161778,0.806889205,0.226740032,0.824986479
939,0.001,0.160604201,0.792804698,0.226104498,0.826572668
940,0.001,0.156033568,0.787236364,0.22395888,0.82747223
941,0.001,0.136677846,0.815172408,0.264239699,0.819346747
942,0.001,0.141161293,0.833453561,0.263381511,0.819944296
943,0.001,0.146324135,0.843121506,0.270312041,0.817859093
944,0.001,0.154371895,0.802057256,0.312422425,0.808034982
945,0.001,0.15952646,0.805439257,0.325191855,0.80405664
946,0.001,0.156031795,0.801392818,0.310884565,0.808490875
947,0.001,0.167147182,0.761457711,0.264190942,0.818191721
948,0.001,0.169318318,0.797359303,0.258537889,0.819834531
949,0.001,0.142911393,0.813431741,0.273693055,0.815986042
950,0.001,0.146258429,0.808124154,0.263621747,0.819481583
951,0.001,0.145806819,0.81823664,0.261055797,0.819940964
952,0.001,0.152867153,0.787111031,0.232592881,0.825357162
953,0.001,0.160355151,0.798138202,0.258017927,0.819920449
954,0.001,0.145007141,0.801200266,0.241391331,0.82218243
955,0.001,0.165196158,0.813836934,0.229238003,0.825188072
956,0.001,0.143185265,0.830545026,0.246437222,0.82183003
957,0.001,0.142105117,0.806344395,0.236560598,0.822752611
958,0.001,0.167629264,0.763288214,0.239946276,0.821679836
959,0.001,0.160341986,0.804193126,0.240586206,0.821032111
960,0.001,0.133030638,0.818210486,0.232864588,0.823100205
961,0.001,0.153694026,0.799656153,0.224121734,0.824287872
962,0.001,0.15725325,0.797716687,0.224352598,0.823424783
963,0.001,0.15640261,0.789916765,0.21328786,0.82512606
964,0.001,0.137814317,0.818098739,0.218167096,0.824606627
965,0.001,0.156158015,0.795225911,0.208690032,0.826564509
966,0.001,0.157567032,0.803639461,0.207972333,0.826498929
967,0.001,0.157031,0.786479358,0.213476434,0.825750658
968,0.001,0.174356505,0.797671484,0.209700897,0.827677225
969,0.001,0.140442129,0.829115594,0.218357801,0.826637791
970,0.001,0.153457485,0.818832748,0.218940556,0.826329773
971,0.001,0.135054775,0.820717918,0.244665176,0.819960754
972,0.001,0.147944726,0.818317692,0.236759335,0.82196412
973,0.001,0.155950963,0.799845282,0.235180393,0.822705472
974,0.001,0.14640547,0.782004883,0.233060867,0.822882648
975,0.001,0.160821423,0.788726174,0.240295246,0.821229964
976,0.001,0.145083569,0.815385029,0.254953146,0.816740232
977,0.001,0.138743028,0.805694753,0.257534623,0.815242243
978,0.001,0.154543221,0.808295988,0.268544555,0.81288143
979,0.001,0.149315327,0.810223438,0.251612127,0.817919233
980,0.001,0.169434004,0.748778174,0.245072186,0.819490467
981,0.001,0.139226809,0.832600703,0.260351837,0.814925861
982,0.001,0.129763152,0.834302218,0.27572313,0.811864407
983,0.001,0.143255919,0.813900796,0.275986791,0.812657259
984,0.001,0.146032915,0.814433619,0.255123079,0.817607666
985,0.001,0.140091129,0.813645857,0.248131067,0.820278503
986,0.001,0.131199908,0.839119776,0.251992673,0.818552331
987,0.001,0.1637499,0.766730462,0.219738796,0.826124568
988,0.001,0.161016308,0.784886965,0.225789741,0.824303825
989,0.001,0.153929032,0.801592162,0.220044404,0.824845929
990,0.001,0.157758377,0.77723535,0.21231325,0.827593664
991,0.001,0.15365497,0.814886598,0.214914531,0.827799144
992,0.001,0.149120085,0.812249739,0.203411773,0.830532289
993,0.001,0.149440356,0.821980002,0.204113275,0.830610258
994,0.001,0.151115701,0.804052352,0.213411957,0.828712495
995,0.001,0.146792166,0.812744322,0.218538955,0.828021321
996,0.001,0.154428326,0.81563328,0.221045718,0.827100772
997,0.001,0.160904057,0.777273441,0.20713973,0.830117291
998,0.001,0.156278826,0.79646233,0.210533187,0.828390861
999,0.001,0.150362156,0.817899046,0.2171316,0.826183272
